{"P/E Ratio": 14.59158077, "EV/EBITDA Ratio": 20.1351902174, "P/S Ratio": 6.060623929, "P/B Ratio": 0.7621272055, "EV/Sales Ratio": 11.2507591862, "Return on Equity (ROE)": 0.0514244894, "Return on Assets (ROA)": 0.034789963, "Gross Margin": 0.7131794716, "Operating Margin": 0.5553446705, "Net Margin": 0.415350744, "Net Margin Growth": 0.9499302332, "Revenue Growth": 0.0334222501, "Debt to Equity Ratio": 0.4344810084, "Interest Coverage Ratio": 3.9054991991, "Free Cash Flow Yield": 0.086370456, "Current Ratio": 0.4652737248, "Asset Turnover": 0.0837604446}